{
  "med_chlorthalidone": -0.7465430799993805,
  "med_cyclosporine_neoral_modified": -0.4723644058382799,
  "med_cyclosporine_sandimmune": -0.3508421986495242,
  "med_dexamethasone": 1.9061702751980387,
  "med_dextrose_50": 17.20418237695092,
  "med_dextrose_water": 1.7522980185754107,
  "med_empagliflozin": 2.130156050287753,
  "med_eplerenone": 0.234384726299378,
  "med_fosphenytoin": 0.11384045135184212,
  "med_furosemide": -0.09246405965529439,
  "med_glipizide": 4.9800934351283725,
  "med_glipizide_xl": -7.993477632689053,
  "med_glucagon": -50.541997813818675,
  "med_hydrochlorothiazide": 0.2058288264561603,
  "med_hydrocortisone": -0.6673660704267648,
  "med_hydrocortisone_na": -0.4372125384340699,
  "med_insulin": 1.0,
  "med_metformin_glucophage": -0.01832828352964274,
  "med_metformin_xr_glucophage_xr": 0.00778304169195609,
  "med_octreotide_acetate": -0.6285547258721654,
  "med_olanzapine": -0.4307096940938958,
  "med_phenytoin": 0.1919988365340103,
  "med_phenytoin_sodium_iv": 0.08214977853792371,
  "med_prednisone": -0.7619260122614588,
  "med_ritonavir": 0.01875244082012226,
  "med_sirolimus": 1.253356733487873,
  "med_spironolactone": 0.23116968109092192,
  "med_tacrolimus": -58.52297837731101,
  "med_tacrolimus_xr": -7.446218906291095,
  "med_triamterene_hctz_37_5_25": 97.33182187499877,
  "med_valproate_sodium": -0.028170747782877918
}
